{
  "model": "opencv_pinhole",
  "camera_matrix": [
    [
      873.5278502670991,
      0.0,
      287.14955518656774
    ],
    [
      0.0,
      874.6199015749504,
      266.2822695932234
    ],
    [
      0.0,
      0.0,
      1.0
    ]
  ],
  "dist_coeffs": [
    -0.09691714061498069,
    3.516754319941784,
    0.0014168728218058551,
    -0.003735684762954782,
    -19.342419836816973
  ],
  "image_width": 540,
  "image_height": 540,
  "rms_reprojection_error": 0.5999551176360098,
  "board": {
    "type": "chessboard",
    "inner_corners_cols": 9,
    "inner_corners_rows": 6,
    "square_size_m": 0.0254
  },
  "capture_count": 27
}