{
  "model": "opencv_pinhole",
  "camera_matrix": [
    [
      914.3576654865387,
      0.0,
      305.38146684580016
    ],
    [
      0.0,
      911.5343160381574,
      247.93267106696325
    ],
    [
      0.0,
      0.0,
      1.0
    ]
  ],
  "dist_coeffs": [
    -0.013292297412239551,
    0.9771153681734328,
    -0.001552151072254735,
    -0.005191062239237078,
    -3.0181211149894955
  ],
  "image_width": 540,
  "image_height": 540,
  "rms_reprojection_error": 0.3530828727233845,
  "board": {
    "type": "chessboard",
    "inner_corners_cols": 9,
    "inner_corners_rows": 6,
    "square_size_m": 0.0254
  },
  "capture_count": 20
}