{
  "mounted_link": "gripper_link",
  "sample_count": 19,
  "link_T_camera": [
    [
      -0.5174194752462267,
      -0.503783319559221,
      -0.6917220927293065,
      0.12185028264519726
    ],
    [
      -0.2281168311638754,
      0.860291585364299,
      -0.45591786485191954,
      0.05071052709492458
    ],
    [
      0.824766511187058,
      -0.07810733054760644,
      -0.5600530751090074,
      -0.21601293081862089
    ],
    [
      0.0,
      0.0,
      0.0,
      1.0
    ]
  ],
  "translation_xyz_m": [
    0.12185028264519726,
    0.05071052709492458,
    -0.21601293081862089
  ],
  "translation_norm_m": 0.2531415319930924,
  "rpy_rad": [
    -3.003022292131708,
    -0.9697891669594878,
    -2.7263537157961064
  ],
  "rpy_deg": [
    -172.0605031228494,
    -55.564826284286596,
    -156.20856137492643
  ]
}