{
  "left_intrinsics": "camera_left.json",
  "right_intrinsics": "camera_right.json",
  "stereo_pairs_dir": "stereo_captures",
  "valid_pair_count": 25,
  "rms_reprojection_error": 1.3953244261189115,
  "baseline_m": 0.19926065686944477,
  "R_left_to_right": [
    [
      -0.027948255641150627,
      -0.9929082553627266,
      0.11555125027087873
    ],
    [
      0.9884472788987053,
      -0.04467757158235022,
      -0.14483056112315923
    ],
    [
      0.14896600902340804,
      0.11016855735667201,
      0.9826861234013572
    ]
  ],
  "t_left_to_right": [
    [
      -0.049700481967294256
    ],
    [
      0.19193218045328317
    ],
    [
      -0.019917569498049095
    ]
  ],
  "essential_matrix": [
    [
      0.04827883829790864,
      0.020255022793863126,
      0.1857244175989946
    ],
    [
      0.007960343769289545,
      0.025251749579641884,
      0.04653847389776276
    ],
    [
      -0.04376213651545437,
      0.19279154328260453,
      -0.0149798547271781
    ]
  ],
  "fundamental_matrix": [
    [
      -4.7586914231629475e-07,
      -2.002656921548077e-07,
      -0.001478873320441487
    ],
    [
      -7.935004513851424e-08,
      -2.524933333886602e-07,
      -0.00033734018859880703
    ],
    [
      0.000581128756619934,
      -0.0017015391020578012,
      1.0
    ]
  ],
  "P1_rectification": [
    [
      914.3576654865387,
      0.0,
      305.38146684580016,
      0.0
    ],
    [
      0.0,
      911.5343160381574,
      247.93267106696325,
      0.0
    ],
    [
      0.0,
      0.0,
      1.0,
      0.0
    ]
  ],
  "P2_rectification": [
    [
      18.49961945391371,
      -920.5736927626141,
      410.2372807531155,
      -53.82310719969407
    ],
    [
      980.0250702308712,
      -12.264800648403678,
      131.64867838045902,
      176.913364549686
    ],
    [
      0.14896600902340804,
      0.11016855735667201,
      0.9826861234013572,
      -0.019917569498049095
    ]
  ],
  "image_width": 540,
  "image_height": 540,
  "board": {
    "type": "chessboard",
    "inner_corners_cols": 9,
    "inner_corners_rows": 6,
    "square_size_m": 0.0254
  }
}