{
  "left_intrinsics": "camera_left.json",
  "right_intrinsics": "camera_right.json",
  "stereo_pairs_dir": "stereo_captures",
  "valid_pair_count": 30,
  "rms_reprojection_error": 3.481442858099141,
  "baseline_m": 0.19418678011493173,
  "R_left_to_right": [
    [
      0.04589510519816888,
      0.9939879801760638,
      -0.0994059081964335
    ],
    [
      -0.9764073889895275,
      0.06565614388558136,
      0.2057131048249699
    ],
    [
      0.21100296217234069,
      0.08761943868562837,
      0.9735505040412197
    ]
  ],
  "t_left_to_right": [
    [
      0.05746429398580076
    ],
    [
      -0.18511608623040637
    ],
    [
      0.011764144969145083
    ]
  ],
  "essential_matrix": [
    [
      -0.027573444467348957,
      -0.016992155961973614,
      -0.1826398978429639
    ],
    [
      -0.011585219579220759,
      0.006658429512877131,
      -0.05711381788906153
    ],
    [
      -0.047612638999384525,
      0.18777604860447478,
      -0.006580474341108922
    ]
  ],
  "fundamental_matrix": [
    [
      -1.1365732157089068e-06,
      -7.025835361765413e-07,
      -0.006362358381954615
    ],
    [
      -4.829423463713753e-07,
      2.7842351502574114e-07,
      -0.0020984979743846606
    ],
    [
      -0.0014075256549077515,
      0.00759837101600104,
      1.0
    ]
  ],
  "P1_rectification": [
    [
      914.3576654865387,
      0.0,
      305.38146684580016,
      0.0
    ],
    [
      0.0,
      911.5343160381574,
      247.93267106696325,
      0.0
    ],
    [
      0.0,
      0.0,
      1.0,
      0.0
    ]
  ],
  "P2_rectification": [
    [
      108.34655620845362,
      981.8321455376987,
      200.89661020747332,
      58.80110999131828
    ],
    [
      -869.9503770515273,
      86.39391466016824,
      462.22653657366664,
      -172.67092676541907
    ],
    [
      0.21100296217234069,
      0.08761943868562837,
      0.9735505040412197,
      0.011764144969145083
    ]
  ],
  "image_width": 540,
  "image_height": 540,
  "board": {
    "type": "chessboard",
    "inner_corners_cols": 9,
    "inner_corners_rows": 6,
    "square_size_m": 0.0254
  }
}