{
  "left_intrinsics": "camera_left.json",
  "right_intrinsics": "camera_right.json",
  "stereo_pairs_dir": "stereo_captures",
  "valid_pair_count": 31,
  "rms_reprojection_error": 1.4917194060977363,
  "baseline_m": 0.22101258740437188,
  "R_left_to_right": [
    [
      0.038799451787405154,
      -0.9788063728120712,
      0.2010788081411705
    ],
    [
      0.994562851192517,
      0.05728921220917013,
      0.08696367743066122
    ],
    [
      -0.09664024818267106,
      0.1966113697295492,
      0.9757072469364272
    ]
  ],
  "t_left_to_right": [
    [
      -0.17874443661871575
    ],
    [
      -0.04402353110252589
    ],
    [
      0.12230665917397122
    ]
  ],
  "essential_matrix": [
    [
      -0.1173872146962706,
      -0.01566237890241131,
      -0.05359031518849276
    ],
    [
      -0.012528475390205315,
      -0.08457134892169471,
      0.19899551941288035
    ],
    [
      -0.1760644876457863,
      -0.05333064075750093,
      -0.006692074364373611
    ]
  ],
  "fundamental_matrix": [
    [
      -2.9049022609975194e-05,
      -3.887868254995007e-06,
      -0.0022909140085263712
    ],
    [
      -3.1354044701047415e-06,
      -2.123057193202066e-05,
      0.05175723409562289
    ],
    [
      -0.03216355989192901,
      -0.00571994857858763,
      1.0
    ]
  ],
  "P1_rectification": [
    [
      914.3576654865387,
      0.0,
      305.38146684580016,
      0.0
    ],
    [
      0.0,
      911.5343160381574,
      247.93267106696325,
      0.0
    ],
    [
      0.0,
      0.0,
      1.0,
      0.0
    ]
  ],
  "P2_rectification": [
    [
      7.859368215036856,
      -880.703330086656,
      490.2985426776027,
      -134.52222484505785
    ],
    [
      918.537774910836,
      108.30850914691969,
      349.9836582520856,
      -8.31739786817656
    ],
    [
      -0.09664024818267106,
      0.1966113697295492,
      0.9757072469364272,
      0.12230665917397122
    ]
  ],
  "image_width": 540,
  "image_height": 540,
  "board": {
    "type": "chessboard",
    "inner_corners_cols": 9,
    "inner_corners_rows": 6,
    "square_size_m": 0.0254
  }
}